Ángulo X;Ángulo Y
3.923624097;6.592920219
4.127522204;6.172566272
4.4103821;5.57522119
4.559605049;5.132743352
5.444420424;4.469026594
5.750917268;5.442477839
5.911439586;6.128318488
6.18001285;6.858406922
